{"inputUnits":[99],"outputUnits":4,"inputs":{"0":{"dtype":"number","min":0.1599886566400528,"max":0.80792236328125},"1":{"dtype":"number","min":-0.009536325931549072,"max":0.31362438201904297},"2":{"dtype":"number","min":-1.1252727508544922,"max":-0.3154492974281311},"3":{"dtype":"number","min":0.1807236671447754,"max":0.8284742832183838},"4":{"dtype":"number","min":-0.06027984619140625,"max":0.29328036308288574},"5":{"dtype":"number","min":-1.0865225791931152,"max":-0.27251315116882324},"6":{"dtype":"number","min":0.19302543997764587,"max":0.8411443829536438},"7":{"dtype":"number","min":-0.05975306034088135,"max":0.2941281497478485},"8":{"dtype":"number","min":-1.087282419204712,"max":-0.27222105860710144},"9":{"dtype":"number","min":0.20464734733104706,"max":0.8561077117919922},"10":{"dtype":"number","min":-0.059830307960510254,"max":0.29469728469848633},"11":{"dtype":"number","min":-1.087282419204712,"max":-0.27251315116882324},"12":{"dtype":"number","min":0.14378643035888672,"max":0.7859309315681458},"13":{"dtype":"number","min":-0.05559194087982178,"max":0.2925093472003937},"14":{"dtype":"number","min":-1.0941206216812134,"max":-0.27850085496902466},"15":{"dtype":"number","min":0.13103702664375305,"max":0.7736305594444275},"16":{"dtype":"number","min":-0.052597999572753906,"max":0.2929175794124603},"17":{"dtype":"number","min":-1.0941206216812134,"max":-0.27893897891044617},"18":{"dtype":"number","min":0.12065505981445312,"max":0.7652086615562439},"19":{"dtype":"number","min":-0.051438093185424805,"max":0.29336223006248474},"20":{"dtype":"number","min":-1.09488046169281,"max":-0.27893897891044617},"21":{"dtype":"number","min":0.2264924794435501,"max":0.8665322065353394},"22":{"dtype":"number","min":-0.04368877410888672,"max":0.3052513301372528},"23":{"dtype":"number","min":-0.7955169081687927,"max":-0.0678362026810646},"24":{"dtype":"number","min":0.11061158776283264,"max":0.7547117471694946},"25":{"dtype":"number","min":-0.023095011711120605,"max":0.30295124650001526},"26":{"dtype":"number","min":-0.8335071802139282,"max":-0.0955110415816307},"27":{"dtype":"number","min":0.18552647531032562,"max":0.8327147960662842},"28":{"dtype":"number","min":0.04558062553405762,"max":0.3344338834285736},"29":{"dtype":"number","min":-1.007502794265747,"max":-0.24228259921073914},"30":{"dtype":"number","min":0.14183391630649567,"max":0.7805750966072083},"31":{"dtype":"number","min":0.044476091861724854,"max":0.335550457239151},"32":{"dtype":"number","min":-1.018899917602539,"max":-0.2506069540977478},"33":{"dtype":"number","min":0.31679850816726685,"max":0.9603873491287231},"34":{"dtype":"number","min":0.19808602333068848,"max":0.4388259947299957},"35":{"dtype":"number","min":-0.5548027753829956,"max":0.10013303905725479},"36":{"dtype":"number","min":0.03394994139671326,"max":0.6741769313812256},"37":{"dtype":"number","min":0.21803253889083862,"max":0.43000513315200806},"38":{"dtype":"number","min":-0.6116438508033752,"max":0.011177749373018742},"39":{"dtype":"number","min":0.448253333568573,"max":1.0823237895965576},"40":{"dtype":"number","min":0.20743048191070557,"max":0.5373021364212036},"41":{"dtype":"number","min":-0.6399745941162109,"max":0.048582565039396286},"42":{"dtype":"number","min":-0.11845517158508301,"max":0.5504715442657471},"43":{"dtype":"number","min":0.12348467111587524,"max":0.6209813356399536},"44":{"dtype":"number","min":-0.9872804880142212,"max":-0.07229279726743698},"45":{"dtype":"number","min":0.3336906433105469,"max":1.131842017173767},"46":{"dtype":"number","min":-0.03325772285461426,"max":0.7139735221862793},"47":{"dtype":"number","min":-1.0941988229751587,"max":0.04652218520641327},"48":{"dtype":"number","min":-0.09476429224014282,"max":0.6730644702911377},"49":{"dtype":"number","min":-0.06255334615707397,"max":0.694349467754364},"50":{"dtype":"number","min":-1.4548319578170776,"max":-0.12068203091621399},"51":{"dtype":"number","min":0.31219351291656494,"max":1.1764209270477295},"52":{"dtype":"number","min":-0.12695986032485962,"max":0.7802581191062927},"53":{"dtype":"number","min":-1.2276805639266968,"max":0.016674716025590897},"54":{"dtype":"number","min":-0.11607059836387634,"max":0.6936187148094177},"55":{"dtype":"number","min":-0.15439480543136597,"max":0.7872064709663391},"56":{"dtype":"number","min":-1.5990874767303467,"max":-0.1446726769208908},"57":{"dtype":"number","min":0.2884196639060974,"max":1.1661978960037231},"58":{"dtype":"number","min":-0.13939577341079712,"max":0.7735934257507324},"59":{"dtype":"number","min":-1.184939980506897,"max":-0.017967745661735535},"60":{"dtype":"number","min":-0.09403517842292786,"max":0.709069550037384},"61":{"dtype":"number","min":-0.15678924322128296,"max":0.7559996247291565},"62":{"dtype":"number","min":-1.5151941776275635,"max":-0.1726909726858139},"63":{"dtype":"number","min":0.2879762649536133,"max":1.1431126594543457},"64":{"dtype":"number","min":-0.0992247462272644,"max":0.7435075640678406},"65":{"dtype":"number","min":-1.095386028289795,"max":0.03437308222055435},"66":{"dtype":"number","min":-0.08113959431648254,"max":0.706337034702301},"67":{"dtype":"number","min":-0.10598540306091309,"max":0.7343034148216248},"68":{"dtype":"number","min":-1.4435780048370361,"max":-0.12996526062488556},"69":{"dtype":"number","min":0.2495570182800293,"max":0.9250146150588989},"70":{"dtype":"number","min":0.6876614689826965,"max":0.9565749764442444},"71":{"dtype":"number","min":-0.0591593012213707,"max":0.09627162665128708},"72":{"dtype":"number","min":0.08930270373821259,"max":0.747133195400238},"73":{"dtype":"number","min":0.7223716974258423,"max":0.9601622819900513},"74":{"dtype":"number","min":-0.09249501675367355,"max":0.061295293271541595},"75":{"dtype":"number","min":0.2244369089603424,"max":0.9409444332122803},"76":{"dtype":"number","min":0.7795564532279968,"max":1.549297571182251},"77":{"dtype":"number","min":-0.40384894609451294,"max":0.3695780634880066},"78":{"dtype":"number","min":0.06350423395633698,"max":0.7793399691581726},"79":{"dtype":"number","min":0.9172183275222778,"max":1.545912742614746},"80":{"dtype":"number","min":-0.3796616494655609,"max":0.36256787180900574},"81":{"dtype":"number","min":0.18491540849208832,"max":0.9084446430206299},"82":{"dtype":"number","min":1.0376392602920532,"max":2.0204687118530273},"83":{"dtype":"number","min":-0.16690073907375336,"max":1.1345317363739014},"84":{"dtype":"number","min":0.03490103781223297,"max":0.7760850787162781},"85":{"dtype":"number","min":1.1467410326004028,"max":2.0610079765319824},"86":{"dtype":"number","min":-0.32051318883895874,"max":1.086862325668335},"87":{"dtype":"number","min":0.17378179728984833,"max":0.9013927578926086},"88":{"dtype":"number","min":1.0722942352294922,"max":2.076446056365967},"89":{"dtype":"number","min":-0.151087686419487,"max":1.2214583158493042},"90":{"dtype":"number","min":0.022908449172973633,"max":0.7729237079620361},"91":{"dtype":"number","min":1.16048264503479,"max":2.1300413608551025},"92":{"dtype":"number","min":-0.32131049036979675,"max":1.1664983034133911},"93":{"dtype":"number","min":0.17339381575584412,"max":0.9175822734832764},"94":{"dtype":"number","min":1.1644999980926514,"max":2.20070219039917},"95":{"dtype":"number","min":-0.30722492933273315,"max":1.1221938133239746},"96":{"dtype":"number","min":0.04359719157218933,"max":0.8080834150314331},"97":{"dtype":"number","min":1.2676376104354858,"max":2.2334177494049072},"98":{"dtype":"number","min":-0.5312652587890625,"max":1.0851799249649048}},"outputs":{"label":{"dtype":"string","min":0,"max":1,"uniqueValues":["front pose","double bicep","Front lat spread","most muscluar left bicep"],"legend":{"front pose":[1,0,0,0],"double bicep":[0,1,0,0],"Front lat spread":[0,0,1,0],"most muscluar left bicep":[0,0,0,1]}}},"isNormalized":true}